<resources>
    <string name="app_name">KerryBreaks</string>
    <string name="action_settings">Settings</string>
    <string name="title_activity_break_options">BreakOptionsActivity</string>

    <string name="hello_world">Hello world!</string>
    <string name="title_activity_accom_options">AccomOptionsActivity</string>
    <string name="title_activity_activity_options">ActivityOptionsActivity</string>
    <string name="title_activity_food_drink_options">FoodDrinkOptionsActivity</string>
    <string name="title_activity_experience_options">ExperienceOptionsActivity</string>
    <string name="title_activity_event_options">EventOptionsActivity</string>
    <string name="title_activity_hotels_options">HotelsOptionsActivity</string>
    <string name="title_activity_hotel">HotelActivity</string>

    <!--  Hotel names  -->
    <string name="hotel1">White Sands Hotel</string>
    <string name="hotel2">Banna Beach Hotel</string>
    <string name="hotel3">Mount Brandon Hotel</string>
    <string name="hotel4">Godley\'s Hotel</string>

    <!--  Hotel photo filenames in drawable folder  -->
    <string name="hotel1_photofile">R.string.white_sands_hotel</string>
    <string name="hotel2_photofile">R.drawable.banna_beach_hotel</string>
    <string name="hotel3_photofile">R.drawable.mount_brandon_hotel</string>
    <string name="hotel4_photofile">R.drawable.west_end_hotel</string>

    <!--  Hotel ratings  -->
    <string name="hotel1_rating">*** Hotel</string>
    <string name="hotel2_rating">*** Hotel</string>
    <string name="hotel3_rating">**** Hotel</string>
    <string name="hotel4_rating">** Hotel</string>

    <!--  Hotel prices  -->
    <string name="hotel1_price">From €70 per night p.p.s.</string>
    <string name="hotel2_price">From €60 per night p.p.s.</string>
    <string name="hotel3_price">From €85 per night p.p.s.</string>
    <string name="hotel4_price">From €60 per night p.p.s.</string>

    <!--  Hotel phone numbers  -->
    <string name="hotel1_phone">066 7123487</string>
    <string name="hotel2_phone">066 7136543</string>
    <string name="hotel3_phone">066 7176500</string>
    <string name="hotel4_phone">066 7124590</string>
    <string name="title_activity_history">HistoryActivity</string>



</resources>
